Nombre Local;Sector Local
Pronto Pedro Fontova;Huechuraba
Pronto Departamental;Macul
Pronto Las Condes;Santiago
Pronto La Florida;La Florida
Pronto C Henriquez;Puente Alto
Pronto Vic Mackenna 1990;Nuñoa
Pronto Cantagallo;Santiago
Pronto Manquehue;Santiago
Pronto Gabriela;Puente Alto
Barra Sagrada Familia ;Sagrada Familia
Pronto Barra San Carlos;San Carlos
Pronto Barra San Rafael;San Rafael
Pronto Barra Maule;Maule
Pronto Parral;Parral
Pronto Barra San Fernando;San Fernando
Pronto Barra San Javier;San Javier
Pronto Requinoa;Requínoa
Pronto Romeral;Romeral
Pronto Barra Chimbarongo;Chimbarongo
Pronto Ciuc Piso 8;Santiago
Pronto Udd Concepción;Concepción
Pronto Uai Peñalolen;Peñalolen
Pronto Uai Viña Del Mar;Viña del Mar
Pronto Uss Casino Sede Los Leones;Santiago
Pronto Casino Unab;Santiago
Casino Uai Peñalolen;Peñalolen
Pronto Duoc UC Viña del Mar;Viña del Mar
Pronto Casino Uai Viña;Viña del Mar
Pronto UAI Peñalolen Casino Edif A;Santiago
Pronto UAI Peñalolen Edificio E (casino chico);Peñalolen
Pronto UAI Peñalolen Edificio C (casino chico);Peñalolen
Pronto Ciuc Piso 1;Santiago
Pronto Tambo Sierra Gorda Ote;Antofagasta
Barra Pozo Al Monte;Pozo Almonte
Pronto Perez Zujovic;Antofagasta
Pronto Antofagasta;Antofagasta
Pronto Iquique;Iquique
Pronto Barra Horcones;Arauco
Pronto Penco;Penco
Barra Chillán Poniente;Chillán
Barra Chillán Oriente;Chillán
Pronto Palomares;Concepción
Pronto Cabrero;Cabrero
Pronto Michimalonco;San Pedro de la Paz
Pronto Talcahuano;Talcahuano
Pronto Los Carrera;Concepción
Pronto Paicaví;Concepción
Pronto Pedro De Valdivia;Concepción
Pronto Barra Lampa;Lampa
Pronto Barra Mostazal Poniente;San Frco Mostazal
Pronto Barra Mostazal Oriente;San Frco Mostazal
Pronto Llay Llay;Llayllay
Pronto Tabolango;Tabolango
Pronto Barra Ruta 68;Pudahuel
Pronto Barra Hijuelas;Hijuelas
Pronto Marbella;Marbella
Pronto Barra Placilla;Valparaíso
Pronto Las Salinas;Viña del Mar
Pronto Bosques De Montemar;Con Con
Pronto Troncal Sur;Viña del Mar
Pronto Barra Pargua;Pto Montt
Pronto Puerto Montt;Pto Montt
Pronto Loncoche;Loncoche
Pronto Trafún Oriente;Trafun
Pronto San José De La Mariquina;San Jose de Mariquina
Pronto Trafun Poniente;Trafun
Pronto Puerto Varas;Pto varas
Pronto Barra Los Vilos;Los Vilos
Pronto La Serena;Serena
Pronto Los Vilos;Los Vilos
Pronto Coquimbo;Coquimbo
Pronto Socos;Socos
Pronto Barra Palo Colorado;Los Vilos
Pronto Barra Copiapó;Copiapó
Pronto Copiapó;Copiapó
Pronto Parcela 20;Serena
Pronto Chañaral;Chañaral
Pronto Los Angeles P;Los Angeles
Pronto Barra Freire;Freire
Pronto Barra Lautaro;Lautaro
Pronto Los Angeles C;Los Angeles
Pronto Los Angeles O;Los Angeles
Pronto Barra Victoria;Victoria
Pronto Alemania;Temuco
Pronto Laguna Chicureo ;Santiago
Pronto Barra Costanera E6;Pudahuel
Pronto La Dehesa;Santiago
Pronto Vitacura 5579;Santiago
Pronto Portal La Dehesa ;Santiago
Pronto Los Libertadores;Colina
Pronto Costanera E1;Santiago
Pronto Costanera E2;Santiago
Pronto Chamisero;Chamisero
Pronto Costanera E0;Santiago
Pronto Trapenses;Santiago
Pronto Vitacura 4207;Santiago
Barra Nos;Nos
Pronto Puente;Talagante
Pronto Nos;Nos
Pronto Ruta 78 O;Talagante
Pronto Ruta 78 P;Talagante
Pronto Maipú;Maipú
Pronto San Pablo;Santiago
Pronto Principe De Gales;La Reina
Pronto Tobalaba;Peñalolen
Pronto Pajaritos;Maipú
Pronto Isidora;Santiago
Pronto Rosario Norte;Santiago
Pronto Calle Plaza Perú Concepción;Concepción
Pronto Metro Vicuña Mackenna;Santiago
Pronto Viña Plaza Sucre;Viña del Mar
Pronto Calle Temuco;Temuco
Metro Pedro De Valdivia;Santiago
Pronto Valparaíso;Valparaíso
Pronto Bellavista Pío Nono;Providencia
Pronto Lyon;Santiago
Pronto Luis Thayer Ojeda;Santiago